{
  "seed": 123,
  "input_dimension": 50,
  "output_dimension": 1,
  "sample_size": 5000,
  "models_overparametrization": [
    1,
    2,
    4,
    8
  ],
  "runs_per_model": 5,
  "epochs": 10,
  "learning_rate": 0.001,
  "true_output_weights": [
    -1,
    -1,
    1,
    -1,
    -1,
    1,
    -1,
    1,
    -1,
    -1,
    1,
    -1,
    -1,
    -1,
    -1,
    1,
    1,
    1,
    1,
    -1,
    1,
    -1,
    -1,
    1,
    -1,
    1,
    1,
    1,
    -1,
    1,
    1,
    -1,
    1,
    -1,
    1,
    -1,
    -1,
    1,
    -1,
    -1,
    -1,
    1,
    -1,
    1,
    1,
    -1,
    -1,
    1,
    1,
    1
  ],
  "models_runs": [
    {
      "overparametrization": 1,
      "model_runs": [
        {
          "train": [
            18.499252546693402,
            5.776829310814353,
            3.404577704730072,
            2.6720311813104436,
            2.2277070285461917,
            1.926956628202934,
            1.7267705345995943,
            1.563060042647621,
            1.438380511864529,
            1.3421310491816285,
            1.2566599738577078
          ],
          "test": [
            18.22287657905578,
            4.027852965679964,
            3.609411772537566,
            3.379738415551272,
            3.1903168340116985,
            3.049079290251127,
            2.912297272408937,
            2.795066069121587,
            2.673122232597149,
            2.6120842356111345,
            2.5473350553117706
          ]
        },
        {
          "train": [
            18.33205428357815,
            5.7055818058699534,
            3.4320232524337873,
            2.637950365313342,
            2.1347802905859177,
            1.819514978282617,
            1.6039904849514082,
            1.4311997265040317,
            1.3041370977259115,
            1.2041145616143785,
            1.13193166102704
          ],
          "test": [
            17.53097874472973,
            4.100106987398203,
            3.544609750602816,
            3.2528777039846126,
            3.0399467316901667,
            2.847909832149282,
            2.6975766305644844,
            2.5819191149652556,
            2.49753295830116,
            2.424428316196004,
            2.378983943285985
          ]
        },
        {
          "train": [
            17.589208050733845,
            5.776127494158097,
            3.4367237400738633,
            2.681972718604216,
            2.196377325128806,
            1.8630723341731776,
            1.6312237161814538,
            1.4555009327839932,
            1.3217650839817332,
            1.2217795571140537,
            1.1448848359923551
          ],
          "test": [
            18.086362678090406,
            4.27208015312296,
            3.790849898620133,
            3.518649652256233,
            3.2624575641873736,
            3.055874301138234,
            2.9269210240272545,
            2.7985012620643768,
            2.729601904440064,
            2.654250502592824,
            2.603341577276136
          ]
        },
        {
          "train": [
            18.55667782444064,
            5.86027952973562,
            3.648581934016268,
            2.9036564372669322,
            2.366491512024265,
            2.0070279385193666,
            1.772290958985956,
            1.599232076914501,
            1.4794784641144816,
            1.3796509838485074,
            1.3041105277207221
          ],
          "test": [
            17.88582428316025,
            4.089043141776778,
            3.590334728607262,
            3.24108600882133,
            2.979505806467603,
            2.8353662704366034,
            2.744462830851884,
            2.68496642952603,
            2.6237455064071225,
            2.5607319672278894,
            2.543285009107962
          ]
        },
        {
          "train": [
            17.23323345758303,
            5.62299427829376,
            3.4687368454991128,
            2.714243261051517,
            2.2418143223445774,
            1.9001443181588042,
            1.6802707651927944,
            1.5136006733105638,
            1.3879241583064172,
            1.2930168943315998,
            1.214228382369422
          ],
          "test": [
            17.152154840855907,
            3.9981779291137247,
            3.421983694775142,
            3.0510165413766446,
            2.827766704735287,
            2.693416805406523,
            2.6227891209059786,
            2.5680420856578885,
            2.5278116147975314,
            2.484856166543081,
            2.4249160286878197
          ]
        }
      ]
    },
    {
      "overparametrization": 2,
      "model_runs": [
        {
          "train": [
            18.20850923640448,
            5.266713474556342,
            2.8800469801516186,
            2.0252503019588453,
            1.524633178381068,
            1.2047949131339173,
            0.9819658046554091,
            0.8273997567815732,
            0.7207208530749116,
            0.6446465212079361,
            0.5816069830674778
          ],
          "test": [
            17.69737377291078,
            3.8196828500198476,
            3.0622660201330256,
            2.5985347469169193,
            2.2432889613299833,
            2.013291131542002,
            1.8512682916278613,
            1.731459304200683,
            1.6646501350356953,
            1.6038154037507333,
            1.5804241611067016
          ]
        },
        {
          "train": [
            17.726084091185157,
            5.192963930629901,
            2.9209746150456644,
            2.0427896355082344,
            1.5049233824853019,
            1.1831323937509597,
            0.9787308021238732,
            0.8405980459775881,
            0.7418744312774166,
            0.6721308680021877,
            0.6145478709725967
          ],
          "test": [
            17.312504617519757,
            3.837010310123098,
            3.0565438138249887,
            2.568882877855241,
            2.2730588826834857,
            2.039499453081577,
            1.9231034401122962,
            1.8322416435916007,
            1.7788825358555893,
            1.7420307446152297,
            1.7034946077381508
          ]
        },
        {
          "train": [
            17.28801357758186,
            5.292812929341824,
            2.9529698414183136,
            2.05629092088578,
            1.5258630480341824,
            1.1964301765356928,
            0.9798687832316959,
            0.8332557405492611,
            0.7295262284047012,
            0.6543394896355931,
            0.59364770998499
          ],
          "test": [
            18.34635591670304,
            3.7358588577624467,
            3.010515662727679,
            2.543203615126536,
            2.1948748023021376,
            1.9693534381919475,
            1.8238098721240399,
            1.7168738498907035,
            1.6381855222544672,
            1.5808018681634013,
            1.5442706680598774
          ]
        },
        {
          "train": [
            18.25172542014233,
            5.379325281001406,
            2.893351407042176,
            2.0185092247947316,
            1.5031094205342084,
            1.1877882271113827,
            0.9821925459885599,
            0.8410376816719394,
            0.7425236089309033,
            0.6657305002235144,
            0.6064748802725518
          ],